{   "analysis_stage"   : "KratosMultiphysics.FluidDynamicsApplication.fluid_dynamics_analysis",
    "problem_data"     : {
        "problem_name"  : "cfd",
        "parallel_type" : "MPI",
        "echo_level"    : 0,
        "start_time"    : 0.0,
        "end_time"      : 0.08
    },
    "output_processes" : {
        "gid_output" : [{
            "python_module" : "gid_output_process",
            "kratos_module" : "KratosMultiphysics",
            "process_name"  : "GiDOutputProcess",
            "help"          : "This process writes postprocessing files for GiD",
            "Parameters"    : {
                "model_part_name"        : "FluidModelPart.fluid_computational_model_part",
                "output_name"            : "results/gid_output/cfd",
                "postprocess_parameters" : {
                    "result_file_configuration" : {
                        "gidpost_flags"               : {
                            "GiDPostMode"           : "GiD_PostBinary",
                            "WriteDeformedMeshFlag" : "WriteDeformed",
                            "WriteConditionsFlag"   : "WriteConditions",
                            "MultiFileFlag"         : "SingleFile"
                        },
                        "file_label"                  : "step",
                        "output_control_type"         : "step",
                        "output_interval"             : 2,
                        "body_output"                 : true,
                        "node_output"                 : false,
                        "skin_output"                 : false,
                        "plane_output"                : [{
                            "point"  : [0.0,0.0,0.0],
                            "normal" : [0.0,1,0.0]
                        }],
                        "nodal_results"               : ["VELOCITY","PRESSURE"],
                        "gauss_point_results"         : [],
                        "nodal_nonhistorical_results" : []
                    },
                    "point_data_configuration"  : []
                }
            }
        }],
        "vtk_output" : [
            {
                "python_module" : "vtk_output_process",
                "kratos_module" : "KratosMultiphysics",
                "process_name"  : "VtkOutputProcess",
                "help"          : "This process writes postprocessing files for Paraview",
                "Parameters"    : {
                    "model_part_name"                             : "FluidModelPart.NoSlip3D_structure",
                    "output_control_type"                         : "step",
                    "output_interval"                             : 2,
                    "file_format"                                 : "binary",
                    "output_precision"                            : 7,
                    "output_sub_model_parts"                      : false,
                    "output_path"                                 : "results/vtk_output/structure/",
                    "save_output_files_in_folder"                 : true,
                    "nodal_solution_step_data_variables"          : ["PRESSURE"],
                    "nodal_data_value_variables"                  : [],
                    "element_data_value_variables"                : [],
                    "condition_data_value_variables"              : [],
                    "gauss_point_variables_extrapolated_to_nodes" : []
                }
            },
            {
            "python_module" : "vtk_output_process",
            "kratos_module" : "KratosMultiphysics",
            "process_name"  : "VtkOutputProcess",
            "help"          : "This process writes postprocessing files for Paraview",
            "Parameters"    : {
                "model_part_name"                             : "FluidModelPart.fluid_computational_model_part",
                "output_control_type"                         : "step",
                "output_interval"                             : 2,
                "file_format"                                 : "binary",
                "output_precision"                            : 7,
                "output_sub_model_parts"                      : false,
                "output_path"                                 : "results/vtk_output/domain/",
                "save_output_files_in_folder"                 : true,
                "nodal_solution_step_data_variables"          : ["VELOCITY"],
                "nodal_data_value_variables"                  : [],
                "element_data_value_variables"                : [],
                "condition_data_value_variables"              : [],
                "gauss_point_variables_extrapolated_to_nodes" : []
            }
        }],
        "h5_output"  : [
            {
                "python_module": "single_mesh_temporal_output_process",
                "kratos_module": "KratosMultiphysics.HDF5Application",
                "Parameters": {
                    "model_part_name": "FluidModelPart.NoSlip3D_structure",
                    "file_settings": {
                        "file_access_mode": "truncate",
                        "echo_level": 1,
                        "file_name": "results/hdf5_output/structure/<model_part_name>_T-<time>.h5",
                        "time_format": "0.2f"
                    },
                    "nodal_solution_step_data_settings": {
                        "list_of_variables": ["PRESSURE"]
                    },
                    "nodal_data_value_settings": {
                        "list_of_variables": ["SCALAR_MEAN", "SCALAR_VARIANCE"]
                    },
                    "output_time_settings": {
                        "time_frequency": 0.04,
                        "step_frequency": 2
                    }
                }
            }
            ,{
                "python_module": "single_mesh_temporal_output_process",
                "kratos_module": "KratosMultiphysics.HDF5Application",
                "Parameters": {
                    "model_part_name": "FluidModelPart.fluid_computational_model_part",
                    "file_settings": {
                        "file_access_mode": "truncate",
                        "echo_level": 1,
                        "file_name": "results/hdf5_output/domain/<model_part_name>-<time>.h5",
                        "time_format": "0.2f"
                    },
                    "nodal_solution_step_data_settings": {
                        "list_of_variables": ["VELOCITY"]
                    },
                    "nodal_data_value_settings": {
                        "list_of_variables": ["VECTOR_3D_MEAN", "VECTOR_3D_VARIANCE"]
                    },
                    "output_time_settings": {
                        "time_frequency": 0.04,
                        "step_frequency": 2
                    }
                }
            }
        ],
        "ascii_output" : [{
            "python_module" : "point_output_process",
            "kratos_module" : "KratosMultiphysics",
            "process_name"  : "PointOutputProcess",
            "Parameters"    : {
                "help"            : "This process writes results from a geometrical position (point) in the model to a file. It first searches the entity containing the requested output location and then interpolates the requested variable(s). The output can be requested for elements, conditions and nodes. For nodes no geometrical interpolation is performed, the exact coordinates have to be specified. This process works in MPI as well as with restarts. It can serve as a basis for other processes (e.g. MultiplePointsOutputProcess). Furthermore it can be used for testing in MPI where the node numbers can change",
                "model_part_name"   : "FluidModelPart.fluid_computational_model_part",
                "entity_type"       : "element",
                "position"          : [-31.2568, 0.0000, 249.9998],
                "output_variables"  : ["PRESSURE","VELOCITY_X","VELOCITY_Y","VELOCITY_Z"],
                "output_file_settings": {            
                    "file_name"  : "reference_point_output",
                    "output_path": "results/ascii_output/"}
            }
        },{
            "python_module"   : "multiple_points_output_process",
            "kratos_module"   : "KratosMultiphysics",
            "process_name"    : "MultiplePointsOutputProcess",
            "Parameters" : {
                "help"              : "This process writes several points to a file. Internally it holds objects of type PointOutputProcess",
                "model_part_name"   : "FluidModelPart.fluid_computational_model_part",
                "entity_type"       : "element",
                "positions"         : [[-8.9000, 29.7381, 249.9998],
                                       [-29.7381, 8.9000, 249.9998],
                                       [-5.2094, -26.0474, 249.9998],
                                       [0.0000, -31.2568, 249.9998],
                                       [5.2094, -26.0474, 249.9998],
                                       [29.7381, 8.9000, 249.9998],
                                       [8.9000, 29.7381, 249.9998],
                                       [34.0860, 4.5521, 150.0000],
                                       [4.5521, 34.0860, 150.0000],
                                       [-34.0860, 4.5521, 150.0000],
                                       [-4.5521, 34.0860, 150.0000]],
                                       
                "output_variables"  : ["PRESSURE", "VELOCITY_X"],
                "output_file_settings": {            
                    "file_name"  : "multiple_point_output_at",
                    "output_path": "results/ascii_output/multiple_points/"}
            }
         },{
            "python_module"   : "line_output_process",
            "kratos_module" : "KratosMultiphysics",
            "process_name"    : "LineOutputProcess",
            "Parameters" : {
                "help"              : "This process writes output for several points along a line to a file. Internally it holds an object of type MultiplePointsOutputProcess",
                "model_part_name"   : "FluidModelPart.fluid_computational_model_part",
                "start_point"       : [-31.2568, 0.0000, 0.0000],
                "end_point"         : [-31.2568, 0.0000, 249.9998],
                "sampling_points"   : 10,
                "output_variables"  : ["PRESSURE"],
                "output_file_settings": {            
                    "file_name"  : "line_output_at",
                    "output_path": "results/ascii_output/line/"}
            }
         }],
        "restart_output" : [
            {
            "python_module"   : "save_restart_process",
            "kratos_module"   : "KratosMultiphysics",
            "process_name"    : "SaveRestartProcess",
            "Parameters"            : {
                "model_part_name"              : "FluidModelPart",
                "echo_level"                   : 0,
                "serializer_trace"             : "no_trace",
                "restart_save_frequency"       : 0.02,
                "restart_control_type"         : "time",
                "save_restart_files_in_folder" : true,
                "output_path"                  : "restart/",
                "max_files_to_keep"            : 2
            }
        }]
    },
    "solver_settings"  : {
        "model_part_name"                 : "FluidModelPart",
        "domain_size"                     : 3,
        "solver_type"                     : "FractionalStep",
        "model_import_settings"           : {
            "input_type"     : "mdpa",
            "input_filename" : "project_edge_1.3"
        },
        "material_import_settings"        : {
            "materials_filename" : "FluidMaterials.json"
        },
        "echo_level"                      : 1,
        "compute_reactions"               : true,
        "dynamic_tau"                     : 0.1,
        "predictor_corrector"             : false,
        "pressure_tolerance"              : 0.001,
        "maximum_pressure_iterations"     : 4,
        "velocity_tolerance"              : 0.0001,
        "maximum_velocity_iterations"     : 15,
        "velocity_linear_solver_settings" : {
            "solver_type"                    : "amgcl",
            "max_iteration"                  : 200,
            "tolerance"                      : 1e-7,
            "provide_coordinates"            : false,
            "smoother_type"                  : "ilu0",
            "krylov_type"                    : "lgmres",
            "coarsening_type"                : "aggregation",
            "gmres_krylov_space_dimension"   : 100,
            "scaling"                        : false,
            "use_block_matrices_if_possible" : false
        },
        "pressure_linear_solver_settings" : {
            "solver_type"                    : "amgcl",
            "max_iteration"                  : 200,
            "tolerance"                      : 1e-7,
            "provide_coordinates"            : false,
            "smoother_type"                  : "ilu0",
            "krylov_type"                    : "lgmres",
            "coarsening_type"                : "aggregation",
            "gmres_krylov_space_dimension"   : 100,
            "scaling"                        : false,
            "use_block_matrices_if_possible" : false
        },
        "volume_model_part_name"          : "FluidParts_fluid",
        "skin_parts"                      : ["VelocityConstraints3D_inlet","Outlet3D_outlet","Slip3D","NoSlip3D_structure","NoSlip3D_bottom"],
        "no_skin_parts"                   : ["Drag_structure"],
        "time_stepping"                   : {
            "automatic_time_step" : false,
            "time_step"           : 0.02
        },
        "reform_dofs_at_each_step"        : false
    },
    "processes"        : {
        "initial_conditions_process_list"  : [],
        "boundary_conditions_process_list" : [{
            "python_module" : "apply_inlet_process",
            "kratos_module" : "KratosMultiphysics.FluidDynamicsApplication",
            "process_name"  : "ApplyInletProcess",
            "Parameters"    : {
                "model_part_name" : "FluidModelPart.VelocityConstraints3D_inlet",
                "variable_name"   : "VELOCITY",
                "interval"        : [0.0,20],
                "modulus"         : "1.05*28.7*(z/10)**0.2*t/20",
                "direction"       : "automatic_inwards_normal"
            }
        },{
            "python_module" : "apply_inlet_process",
            "kratos_module" : "KratosMultiphysics.FluidDynamicsApplication",
            "process_name"  : "ApplyInletProcess",
            "Parameters"    : {
                "model_part_name" : "FluidModelPart.VelocityConstraints3D_inlet",
                "variable_name"   : "VELOCITY",
                "interval"        : [20,"End"],
                "modulus"         : "1.05*28.7*(z/10)**0.2",
                "direction"       : "automatic_inwards_normal"
            }
        },{
            "python_module" : "apply_outlet_process",
            "kratos_module" : "KratosMultiphysics.FluidDynamicsApplication",
            "process_name"  : "ApplyOutletProcess",
            "Parameters"    : {
                "model_part_name"    : "FluidModelPart.Outlet3D_outlet",
                "variable_name"      : "PRESSURE",
                "constrained"        : true,
                "value"              : 0.0,
                "hydrostatic_outlet" : false,
                "h_top"              : 0.0
            }
        },{
            "python_module" : "apply_noslip_process",
            "kratos_module" : "KratosMultiphysics.FluidDynamicsApplication",
            "process_name"  : "ApplyNoSlipProcess",
            "Parameters"    : {
                "model_part_name" : "FluidModelPart.NoSlip3D_structure"
            }
        },{
            "python_module" : "apply_noslip_process",
            "kratos_module" : "KratosMultiphysics.FluidDynamicsApplication",
            "process_name"  : "ApplyNoSlipProcess",
            "Parameters"    : {
                "model_part_name" : "FluidModelPart.NoSlip3D_bottom"
            }
        },{
            "python_module" : "apply_slip_process",
            "kratos_module" : "KratosMultiphysics.FluidDynamicsApplication",
            "process_name"  : "ApplySlipProcess",
            "Parameters"    : {
                "model_part_name" : "FluidModelPart.Slip3D"
            }
        }],
        "gravity"                          : [{
            "python_module" : "assign_vector_by_direction_process",
            "kratos_module" : "KratosMultiphysics",
            "process_name"  : "AssignVectorByDirectionProcess",
            "Parameters"    : {
                "model_part_name" : "FluidModelPart.FluidParts_fluid",
                "variable_name"   : "BODY_FORCE",
                "modulus"         : 0.0,
                "constrained"     : false,
                "direction"       : [0.0,-1.0,0.0]
            }
        }],
        "auxiliar_process_list"            : [
            {
                "python_module" : "compute_body_fitted_drag_process",
                "kratos_module" : "KratosMultiphysics.FluidDynamicsApplication",
                "process_name"  : "ComputeBodyFittedDragProcess",
                "Parameters"    : {
                    "model_part_name"        : "FluidModelPart.Drag_structure",
                    "write_drag_output_file" : true,
                    "print_drag_to_screen"   : false,
                    "interval"               : [0.0,"End"],
                    "output_file_settings": {
                        "output_path": "results/ascii_output/forces/"
                    }
                }
            },{
                "python_module" : "compute_global_force_process",
                "process_name"  : "ComputeGlobalForceProcess",
                "Parameters"    : {
                    "model_part_name"        : "FluidModelPart.Drag_structure",
                    "write_output_file" : true,
                    "print_to_screen"   : false,
                    "reference_point"        : [0.0, 0.0, 0.0],
                    "z_rotation_angle"       : 30.0,
                    "interval"               : [0.0,"End"],
                    "output_file_settings": {
                        "output_path": "results/ascii_output/forces/"
                    }
                }
            },{
                "python_module" : "compute_level_force_process",
                "process_name"  : "ComputeLevelForceProcess",
                "Parameters"    : {
                    "model_part_name"        : "FluidModelPart.Drag_structure",
                    "write_output_file" : true,
                    "print_to_screen"   : false,
                    "start_point"       : [0.0,0.0,0.0],
                    "end_point"         : [0.0,0.0,600.0],
                    "z_rotation_angle"  : 30.0,
                    "intervals"   : 11,
                    "interval"               : [0.0,"End"],
                    "output_file_settings": {
                         "output_path": "results/ascii_output/forces/level_force/"
                    }
                }
            },
            {
                "kratos_module": "KratosMultiphysics.StatisticsApplication",
                "python_module": "spatial_statistics_process",
                "Parameters": {
                    "model_part_name": "FluidModelPart.fluid_computational_model_part",
                    "computation_processes": [
                        {
                            "kratos_module": "KratosMultiphysics.FluidDynamicsApplication",
                            "python_module": "compute_cfl_process",
                            "Parameters": {
                                "model_part_name": "FluidModelPart.fluid_computational_model_part",
                                "echo_level": 1
                            }
                        }
                    ],
                    "input_variable_settings": [
                        {
                            "norm_type": "magnitude",
                            "container": "element_non_historical",
                            "variable_names": [
                                "CFL_NUMBER"
                            ]
                        }
                    ],
                    "statistics_methods": [
                        {
                            "method_name": "variance"
                        },
                        {
                            "method_name": "max"
                        },
                        {
                            "method_name": "distribution",
                            "method_settings": {
                                "number_of_value_groups": 1,
                                "min_value": 1.0,
                                "max_value": 2.5
                            }
                        }
                    ],
                    "output_settings": {
                        "output_control_variable": "STEP",
                        "output_time_interval": 2,
                        "write_kratos_version": true,
                        "write_time_stamp": true,
                        "output_value_precision": 2,
                        "output_value_length": 6,
                        "output_file_settings": {
                            "file_name": "cfl_results.dat",
                            "output_path": "results/ascii_output/",
                            "write_buffer_size": 1
                        }
                    }
                }
            }
            ,{
                "kratos_module": "KratosMultiphysics.StatisticsApplication",
                "python_module": "temporal_statistics_process",
                "Parameters": {
                    "model_part_name": "FluidModelPart.fluid_computational_model_part",
                    "input_variable_settings": [
                        {
                            "method_name": "variance",
                            "norm_type": "none",
                            "container": "nodal_historical_non_historical",
                            "echo_level": 1,
                            "method_settings": {
                                "input_variables": [
                                    "VELOCITY",
                                    "PRESSURE"
                                ],
                                "output_mean_variables": [
                                    "VECTOR_3D_MEAN",
                                    "SCALAR_MEAN"
                                ],
                                "output_variance_variables": [
                                    "VECTOR_3D_VARIANCE",
                                    "SCALAR_VARIANCE"
                                ]
                            }
                        }
                    ],
                    "statistics_start_point_control_variable_name": "TIME",
                    "statistics_start_point_control_value": 0.04
                }
            }
        ]
    }
}
